{
    "ProfileBanners": {
        "startTimestamp": 1678960800,
        "Foregrounds": {
            "Default": {
                "Path": "ForeGround\/seasonpass_fg_free"
            },
            "Fg_season10": {
                "Path": "ForeGround\/seasonpass_fg_season10",
                "CanFlip": true
            },
            "Fg_season11": {
                "Path": "ForeGround\/seasonpass_fg_season11"
            },
            "Fg_season12": {
                "Path": "ForeGround\/seasonpass_fg_season12",
                "CanFlip": true
            },
            "Fg_season13": {
                "Path": "ForeGround\/seasonpass_fg_season13"
            },
            "Fg_season14": {
                "Path": "ForeGround\/seasonpass_fg_season14",
                "CanFlip": true
            },
            "Fg_season15": {
                "Path": "ForeGround\/seasonpass_fg_season15"
            },
            "Fg_season16": {
                "Path": "ForeGround\/seasonpass_fg_season16"
            },
            "Fg_season17": {
                "Path": "ForeGround\/seasonpass_fg_season17",
                "CanFlip": true
            },
            "Fg_season18": {
                "Path": "ForeGround\/seasonpass_fg_season18"
            },
            "Fg_season19": {
                "Path": "ForeGround\/seasonpass_fg_season19",
                "CanFlip": true
            },
            "Fg_season20": {
                "Path": "ForeGround\/seasonpass_fg_season20",
                "CanFlip": true
            },
            "Fg_season21": {
                "Path": "ForeGround\/seasonpass_fg_season21",
                "CanFlip": true
            },
            "Fg_season22": {
                "Path": "ForeGround\/seasonpass_fg_season22"
            },
            "Fg_season23": {
                "Path": "ForeGround\/seasonpass_fg_season23"
            },
            "Fg_season24": {
                "Path": "ForeGround\/seasonpass_fg_season24"
            },
            "Fg_season25": {
                "Path": "ForeGround\/seasonpass_fg_season25"
            },
            "Fg_season26": {
                "Path": "ForeGround\/seasonpass_fg_season26"
            },
            "Fg_season27": {
                "Path": "ForeGround\/seasonpass_fg_season27"
            },
            "Fg_season28": {
                "Path": "ForeGround\/seasonpass_fg_season28"
            },
            "Fg_season29": {
                "Path": "ForeGround\/seasonpass_fg_season29"
            },
            "Fg_season30": {
                "Path": "ForeGround\/seasonpass_fg_season30"
            },
            "Fg_season31": {
                "Path": "ForeGround\/seasonpass_fg_season31"
            },
            "Fg_season32": {
                "Path": "ForeGround\/seasonpass_fg_season32"
            },
            "Fg_season33": {
                "Path": "ForeGround\/seasonpass_fg_season33"
            },
            "Fg_season34": {
                "Path": "ForeGround\/seasonpass_fg_season34"
            },
            "Fg_season36": {
                "Path": "ForeGround\/seasonpass_fg_season36"
            },
            "Fg_season37": {
                "Path": "ForeGround\/seasonpass_fg_season37"
            },
            "Fg_season13_pro": {
                "Path": "ForeGround\/seasonpass_fg_season13_pro"
            },
            "Fg_season14_pro": {
                "Path": "ForeGround\/seasonpass_fg_season14_pro"
            },
            "Fg_season15_pro": {
                "Path": "ForeGround\/seasonpass_fg_season15_pro"
            },
            "Fg_season16_pro": {
                "Path": "ForeGround\/seasonpass_fg_season16_pro"
            },
            "Fg_season17_pro": {
                "Path": "ForeGround\/seasonpass_fg_season17_pro",
                "CanFlip": true
            },
            "Fg_season18_pro": {
                "Path": "ForeGround\/seasonpass_fg_season18_pro"
            },
            "Fg_the_crow_tribute": {
                "Path": "ForeGround\/fg_the_crow_tribute"
            },
            "Fg_season19_pro": {
                "Path": "ForeGround\/seasonpass_fg_season19_pro",
                "CanFlip": true
            },
            "Fg_hoonigan_1": {
                "Path": "ForeGround\/fg_hoonigan_1",
                "CanFlip": true
            },
            "Fg_hoonigan_2": {
                "Path": "ForeGround\/fg_hoonigan_2",
                "CanFlip": true
            },
            "Fg_season20_pro": {
                "Path": "ForeGround\/seasonpass_fg_season20_pro",
                "CanFlip": true
            },
            "Fg_season21_pro": {
                "Path": "ForeGround\/seasonpass_fg_season21_pro",
                "CanFlip": true
            },
            "Fg_season22_pro": {
                "Path": "ForeGround\/seasonpass_fg_season22_pro",
                "CanFlip": true
            },
            "Fg_season23_pro": {
                "Path": "ForeGround\/seasonpass_fg_season23_pro",
                "CanFlip": true
            },
            "Fg_season24_pro": {
                "Path": "ForeGround\/seasonpass_fg_season24_pro",
                "CanFlip": true
            },
            "Fg_season25_pro": {
                "Path": "ForeGround\/seasonpass_fg_season25_pro",
                "CanFlip": true
            },
            "Fg_season26_pro": {
                "Path": "ForeGround\/seasonpass_fg_season26_pro",
                "CanFlip": true
            },
            "Fg_season27_pro": {
                "Path": "ForeGround\/seasonpass_fg_season27_pro",
                "CanFlip": true
            },
            "Fg_season28_pro": {
                "Path": "ForeGround\/seasonpass_fg_season28_pro",
                "CanFlip": true
            },
            "Fg_season29_pro": {
                "Path": "ForeGround\/seasonpass_fg_season29_pro",
                "CanFlip": true
            },
            "Fg_season30_pro": {
                "Path": "ForeGround\/seasonpass_fg_season30_pro",
                "CanFlip": true
            },
            "Fg_season31_pro": {
                "Path": "ForeGround\/seasonpass_fg_season31_pro",
                "CanFlip": true
            },
            "Fg_season32_pro": {
                "Path": "ForeGround\/seasonpass_fg_season32_pro",
                "CanFlip": true
            },
            "Fg_season33_pro": {
                "Path": "ForeGround\/seasonpass_fg_season33_pro",
                "CanFlip": true
            },
            "Fg_season34_pro": {
                "Path": "ForeGround\/seasonpass_fg_season34_pro",
                "CanFlip": true
            },
            "Fg_season36_pro": {
                "Path": "ForeGround\/seasonpass_fg_season36_pro",
                "CanFlip": true
            },
            "Fg_season37_pro": {
                "Path": "ForeGround\/seasonpass_fg_season37_pro",
                "CanFlip": true
            },
            "Fg_rookie_season2": {
                "Path": "ForeGround\/rookiepass_fg_season02",
                "CanFlip": true
            },
            "fg_astonmartin_2": {
                "Path": "ForeGround\/fg_AstonMartin_2024_2",
                "CanFlip": true
            },
            "Collections_japtuners": {
                "Path": "Textures\/Collections_stickers\/collections_japtuners_epic",
                "CanFlip": true
            },
            "Collections_nineties": {
                "Path": "Textures\/Collections_stickers\/collections_nineties_epic",
                "CanFlip": true
            },
            "Collections_tracktoys": {
                "Path": "Textures\/Collections_stickers\/collections_tracktoys_uncommon",
                "CanFlip": true
            },
            "Collections_blackseries": {
                "Path": "Textures\/Collections_stickers\/collections_blackseries_rare",
                "CanFlip": true
            },
            "Collections_ghost": {
                "Path": "Textures\/Collections_stickers\/collections_ghost_rare",
                "CanFlip": true
            },
            "Collections_nurburgring": {
                "Path": "Textures\/Collections_stickers\/collections_nurburgring_rare",
                "CanFlip": true
            },
            "Collections_hothatches": {
                "Path": "Textures\/Collections_stickers\/collections_hothatches_uncommon",
                "CanFlip": true
            },
            "Collections_audi_rs": {
                "Path": "Textures\/Collections_stickers\/collections_audi_rs_uncommon",
                "CanFlip": true
            },
            "Collections_nismo": {
                "Path": "Textures\/Collections_stickers\/collections_nismo_uncommon",
                "CanFlip": true
            },
            "Collections_dragstrip": {
                "Path": "Textures\/Collections_stickers\/collections_dragstrip_uncommon",
                "CanFlip": true
            },
            "Collections_porsche_rennsport": {
                "Path": "Textures\/Collections_stickers\/collections_porsce_rs_rare",
                "CanFlip": true
            },
            "Collections_the_ponies": {
                "Path": "Textures\/Collections_stickers\/collections_mustangheritage_epic",
                "CanFlip": true
            },
            "Fg_LemansGiveway": {
                "Path": "ForeGround\/Fg_LemansGiveway",
                "CanFlip": true
            },
            "Collections_surrey": {
                "Path": "Textures\/Collections_stickers\/collections_shapedinsurrey_uncommon",
                "CanFlip": true
            },
            "Collections_british": {
                "Path": "Textures\/Collections_stickers\/collections_bestofbritish_uncommon",
                "CanFlip": true
            },
            "Collections_holytrinity": {
                "Path": "Textures\/Collections_stickers\/collections_trinity_rare",
                "CanFlip": true
            },
            "Collections_am": {
                "Path": "Textures\/Collections_stickers\/collections_astonmartinicons_rare",
                "CanFlip": true
            },
            "Collections_c8": {
                "Path": "Textures\/Collections_stickers\/collections_8thgencorvette_epic",
                "CanFlip": true
            },
            "Collections_placeholder": {
                "Path": "Textures\/Collections_stickers\/placeholder-sticker",
                "CanFlip": true
            },
            "fg_ironmaiden_1": {
                "Path": "ForeGround\/fg_Halloween2024",
                "CanFlip": true
            },
            "fg_vip_1": {
                "Path": "ForeGround\/fg_vip_1",
                "CanFlip": true
            },
            "Collections_BossCar_JournalSticker_1": {
                "Path": "Textures\/Collections_stickers\/Collections_BossCar_JournalSticker_1",
                "CanFlip": true
            },
            "Collections_BossCar_JournalSticker_2": {
                "Path": "Textures\/Collections_stickers\/Collections_BossCar_JournalSticker_2",
                "CanFlip": true
            },
            "Fg_season35": {
                "Path": "ForeGround\/seasonpass_fg_season35"
            },
            "Fg_season35_pro": {
                "Path": "ForeGround\/seasonpass_fg_season35_pro",
                "CanFlip": true
            },
            "Collections_BossCar_XX_Sticker": {
                "Path": "Textures\/Collections_stickers\/Collections_BossCar_XX_Sticker",
                "CanFlip": true
            },
            "Collections_BossCar_Hennessey_Performance_Dynasty": {
                "Path": "Textures\/Collections_stickers\/Collections_BossCar_Hennessey_Performance_Dynasty",
                "CanFlip": true
            },
            "Collections_BossCar_TT": {
                "Path": "Textures\/Collections_stickers\/Collections_BossCar_T&T",
                "CanFlip": true
            },
            "Collections_BossCar_Bavarian_Thunder": {
                "Path": "Textures\/Collections_stickers\/Collections_BossCar_Bavarian_Thunder",
                "CanFlip": true
            },
            "Collections_BossCar_Horacios_Finest": {
                "Path": "Textures\/Collections_stickers\/Collections_BossCar_Horacio's_Finest",
                "CanFlip": true
            },
            "Collections_art4": {
                "Path": "Textures\/Collections_stickers\/Timed_Collections_ART4",
                "CanFlip": true
            },
            "Collections_80series": {
                "Path": "Textures\/Collections_stickers\/80'sCollections_Sticker",
                "CanFlip": true
            },
            "Collections_bttf": {
                "Path": "Textures\/Collections_stickers\/BTTFCollections_ComingSoon",
                "CanFlip": true
            },
            "Collections_legendsrevival": {
                "Path": "Textures\/Collections_stickers\/collections_legendsv2_izzy_epic",
                "CanFlip": true
            },
            "Collections_fnfleg3": {
                "Path": "Textures\/Collections_stickers\/FnF_TimedCollections_Sticker",
                "CanFlip": true
            },
            "Fg_season38": {
                "Path": "ForeGround\/seasonpass_fg_season38"
            },
            "Fg_season38_pro": {
                "Path": "ForeGround\/seasonpass_fg_season38_pro",
                "CanFlip": true
            },
            "Fg_season39": {
                "Path": "ForeGround\/seasonpass_fg_season39"
            },
            "Fg_season39_pro": {
                "Path": "ForeGround\/seasonpass_fg_season39_pro",
                "CanFlip": true
            },
            "Fg_season40": {
                "Path": "ForeGround\/seasonpass_fg_season40"
            },
            "Fg_season40_pro": {
                "Path": "ForeGround\/seasonpass_fg_season40_pro",
                "CanFlip": true
            },
            "Fg_season41": {
                "Path": "ForeGround\/seasonpass_fg_season41"
            },
            "Fg_season41_pro": {
                "Path": "ForeGround\/seasonpass_fg_season41_pro",
                "CanFlip": true
            },
            "Fg_season42": {
                "Path": "ForeGround\/seasonpass_fg_season42"
            },
            "Fg_season42_pro": {
                "Path": "ForeGround\/seasonpass_fg_season42_pro",
                "CanFlip": true
            },
            "fg_ART5_Miami": {
                "Path": "ForeGround\/fg_ART5_Miami",
                "CanFlip": true
            },
            "Fg_season43": {
                "Path": "ForeGround\/seasonpass_fg_season43"
            },
            "Fg_season43_pro": {
                "Path": "ForeGround\/seasonpass_fg_season43_pro",
                "CanFlip": true
            },
            "Fg_season44": {
                "Path": "ForeGround\/seasonpass_fg_season44"
            },
            "Fg_season44_pro": {
                "Path": "ForeGround\/seasonpass_fg_season44_pro",
                "CanFlip": true
            },
            "fg_ART5_SaltLake_City": {
                "Path": "ForeGround\/fg_ART5_SaltLake_City",
                "CanFlip": true
            },
            "fg_ART5_Detroit": {
                "Path": "ForeGround\/fg_ART5_Detroit",
                "CanFlip": true
            },
            "fg_ART5_ST_Louis": {
                "Path": "ForeGround\/fg_ART5_ST_Louis",
                "CanFlip": true
            },
            "fg_ART5_LasVegas": {
                "Path": "ForeGround\/fg_ART5_LasVegas",
                "CanFlip": true
            },
            "fg_ART5_Phoenix": {
                "Path": "ForeGround\/fg_ART5_Phoenix",
                "CanFlip": true
            },
            "fg_ART5_LosAngeles": {
                "Path": "ForeGround\/fg_ART5_LosAngeles",
                "CanFlip": true
            },
            "fg_80s": {
                "Path": "ForeGround\/fg_80s",
                "CanFlip": true
            },
            "fg_Halloween_2025": {
                "Path": "ForeGround\/fg_Halloween_2025",
                "CanFlip": true
            },
            "Fg_season45": {
                "Path": "ForeGround\/seasonpass_fg_season45"
            },
            "Fg_season45_pro": {
                "Path": "ForeGround\/seasonpass_fg_season45_pro",
                "CanFlip": true
            },
            "Collections_am2": {
                "Path": "Textures\/Collections_stickers\/collections_supercharged_uncommon",
                "CanFlip": true
            },
            "Collections_lemans": {
                "Path": "Textures\/Collections_stickers\/collections_DecadesofDistance_epic",
                "CanFlip": true
            },
            "Collections_millionairesclub": {
                "Path": "Textures\/Collections_stickers\/collections_MillionairesClub_rare",
                "CanFlip": true
            },
            "Collections_lamborghini2": {
                "Path": "Textures\/Collections_stickers\/collections_SantAgata_epic",
                "CanFlip": true
            },
            "Collections_srt": {
                "Path": "Textures\/Collections_stickers\/collections_DemonBloodline_rare",
                "CanFlip": true
            },
            "Collections_art5": {
                "Path": "Textures\/Collections_stickers\/collections_ART5_Epic",
                "CanFlip": true
            },
            "Fg_season46": {
                "Path": "ForeGround\/seasonpass_fg_season46"
            },
            "Fg_season46_pro": {
                "Path": "ForeGround\/seasonpass_fg_season46_pro",
                "CanFlip": true
            },
            "Fg_season47": {
                "Path": "ForeGround\/seasonpass_fg_season47"
            },
            "Fg_season47_pro": {
                "Path": "ForeGround\/seasonpass_fg_season47_pro",
                "CanFlip": true
            },
            "fg_Christmas_2025": {
                "Path": "ForeGround\/fg_Christmas_2025",
                "CanFlip": true
            },
            "Fg_season48": {
                "Path": "ForeGround\/seasonpass_fg_season48"
            },
            "Fg_season48_pro": {
                "Path": "ForeGround\/seasonpass_fg_season48_pro",
                "CanFlip": true
            },
            "fg_christmascommunity_2025": {
                "Path": "ForeGround\/fg_christmascommunity_2025_",
                "CanFlip": true
            }
        },
        "Backgrounds": {
            "Default": {
                "Path": "BackGround\/seasonpass_bg_free",
                "CanFlip": true
            },
            "Bg_season10": {
                "Path": "BackGround\/seasonpass_bg_season10",
                "CanFlip": true
            },
            "Bg_season11": {
                "Path": "BackGround\/seasonpass_bg_season11"
            },
            "Bg_season12": {
                "Path": "BackGround\/seasonpass_bg_season12",
                "CanFlip": true
            },
            "Bg_season13": {
                "Path": "BackGround\/seasonpass_bg_season13",
                "CanFlip": true
            },
            "Bg_season14": {
                "Path": "BackGround\/seasonpass_bg_season14",
                "CanFlip": true
            },
            "Bg_season15": {
                "Path": "BackGround\/seasonpass_bg_season15",
                "CanFlip": true
            },
            "Bg_season16": {
                "Path": "BackGround\/seasonpass_bg_season16",
                "CanFlip": true
            },
            "Bg_season17": {
                "Path": "BackGround\/seasonpass_bg_season17",
                "CanFlip": true
            },
            "Bg_season18": {
                "Path": "BackGround\/seasonpass_bg_season18",
                "CanFlip": true
            },
            "Bg_season19": {
                "Path": "BackGround\/seasonpass_bg_season19",
                "CanFlip": true
            },
            "Bg_season20": {
                "Path": "BackGround\/seasonpass_bg_season20",
                "CanFlip": true
            },
            "Bg_season21": {
                "Path": "BackGround\/seasonpass_bg_season21",
                "CanFlip": true
            },
            "Bg_season22": {
                "Path": "BackGround\/seasonpass_bg_season22",
                "CanFlip": true
            },
            "Bg_season23": {
                "Path": "BackGround\/seasonpass_bg_season23",
                "CanFlip": true
            },
            "Bg_season24": {
                "Path": "BackGround\/seasonpass_bg_season24",
                "CanFlip": true
            },
            "Bg_season25": {
                "Path": "BackGround\/seasonpass_bg_season25",
                "CanFlip": true
            },
            "Bg_season26": {
                "Path": "BackGround\/seasonpass_bg_season26",
                "CanFlip": true
            },
            "Bg_season27": {
                "Path": "BackGround\/seasonpass_bg_season27",
                "CanFlip": true
            },
            "Bg_season28": {
                "Path": "BackGround\/seasonpass_bg_season28",
                "CanFlip": true
            },
            "Bg_season29": {
                "Path": "BackGround\/seasonpass_bg_season29",
                "CanFlip": true
            },
            "Bg_season30": {
                "Path": "BackGround\/seasonpass_bg_season30",
                "CanFlip": true
            },
            "Bg_season31": {
                "Path": "BackGround\/seasonpass_bg_season31",
                "CanFlip": true
            },
            "Bg_season32": {
                "Path": "BackGround\/seasonpass_bg_season32",
                "CanFlip": true
            },
            "Bg_season33": {
                "Path": "BackGround\/seasonpass_bg_season33",
                "CanFlip": true
            },
            "Bg_season34": {
                "Path": "BackGround\/seasonpass_bg_season34",
                "CanFlip": true
            },
            "Bg_season36": {
                "Path": "BackGround\/seasonpass_bg_season36",
                "CanFlip": true
            },
            "Bg_season37": {
                "Path": "BackGround\/seasonpass_bg_season37",
                "CanFlip": true
            },
            "Bg_season13_pro": {
                "Path": "BackGround\/seasonpass_bg_season13_pro",
                "CanFlip": true
            },
            "Bg_season14_pro": {
                "Path": "BackGround\/seasonpass_bg_season14_pro",
                "CanFlip": true
            },
            "Bg_season15_pro": {
                "Path": "BackGround\/seasonpass_bg_season15_pro",
                "CanFlip": true
            },
            "Bg_season16_pro": {
                "Path": "BackGround\/seasonpass_bg_season16_pro",
                "CanFlip": true
            },
            "Bg_season17_pro": {
                "Path": "BackGround\/seasonpass_bg_season17_pro",
                "CanFlip": true
            },
            "Bg_season18_pro": {
                "Path": "BackGround\/seasonpass_bg_season18_pro",
                "CanFlip": true
            },
            "Bg_season19_pro": {
                "Path": "BackGround\/seasonpass_bg_season19_pro",
                "CanFlip": true
            },
            "Bg_season20_pro": {
                "Path": "BackGround\/seasonpass_bg_season20_pro",
                "CanFlip": true
            },
            "Bg_season21_pro": {
                "Path": "BackGround\/seasonpass_bg_season21_pro",
                "CanFlip": true
            },
            "Bg_season22_pro": {
                "Path": "BackGround\/seasonpass_bg_season22_pro",
                "CanFlip": true
            },
            "Bg_season23_pro": {
                "Path": "BackGround\/seasonpass_bg_season23_pro",
                "CanFlip": true
            },
            "Bg_season24_pro": {
                "Path": "BackGround\/seasonpass_bg_season24_pro",
                "CanFlip": true
            },
            "Bg_season25_pro": {
                "Path": "BackGround\/seasonpass_bg_season25_pro",
                "CanFlip": true
            },
            "Bg_season26_pro": {
                "Path": "BackGround\/seasonpass_bg_season26_pro",
                "CanFlip": true
            },
            "Bg_season27_pro": {
                "Path": "BackGround\/seasonpass_bg_season27_pro",
                "CanFlip": true
            },
            "Bg_season28_pro": {
                "Path": "BackGround\/seasonpass_bg_season28_pro",
                "CanFlip": true
            },
            "Bg_season29_pro": {
                "Path": "BackGround\/seasonpass_bg_season29_pro",
                "CanFlip": true
            },
            "Bg_season30_pro": {
                "Path": "BackGround\/seasonpass_bg_season30_pro",
                "CanFlip": true
            },
            "Bg_season31_pro": {
                "Path": "BackGround\/seasonpass_bg_season31_pro",
                "CanFlip": true
            },
            "Bg_season32_pro": {
                "Path": "BackGround\/seasonpass_bg_season32_pro",
                "CanFlip": true
            },
            "Bg_season33_pro": {
                "Path": "BackGround\/seasonpass_bg_season33_pro",
                "CanFlip": true
            },
            "Bg_season34_pro": {
                "Path": "BackGround\/seasonpass_bg_season34_pro",
                "CanFlip": true
            },
            "Bg_season36_pro": {
                "Path": "BackGround\/seasonpass_bg_season36_pro",
                "CanFlip": true
            },
            "Bg_season37_pro": {
                "Path": "BackGround\/seasonpass_bg_season37_pro",
                "CanFlip": true
            },
            "Bg_hoonigan_1": {
                "Path": "BackGround\/bg_hoonigan_1",
                "CanFlip": true
            },
            "Bg_hoonigan_2": {
                "Path": "BackGround\/bg_hoonigan_2",
                "CanFlip": true
            },
            "Bg_rookie_season2": {
                "Path": "BackGround\/rookiepass_bg_season02",
                "CanFlip": true
            },
            "bg_astonmartin_2": {
                "Path": "BackGround\/bg_AstonMartin_2024_2",
                "CanFlip": true
            },
            "Bg_LemansGiveway": {
                "Path": "BackGround\/Bg_LemansGiveway",
                "CanFlip": true
            },
            "bg_ironmaiden_1": {
                "Path": "BackGround\/bg_Halloween2024",
                "CanFlip": true
            },
            "bg_vip_1": {
                "Path": "BackGround\/bg_vip_1",
                "CanFlip": true
            },
            "Bg_season35": {
                "Path": "BackGround\/seasonpass_bg_season35",
                "CanFlip": true
            },
            "Bg_season35_pro": {
                "Path": "BackGround\/seasonpass_bg_season35_pro",
                "CanFlip": true
            },
            "Bg_season38": {
                "Path": "BackGround\/seasonpass_bg_season38",
                "CanFlip": true
            },
            "Bg_season38_pro": {
                "Path": "BackGround\/seasonpass_bg_season38_pro",
                "CanFlip": true
            },
            "Bg_season39": {
                "Path": "BackGround\/seasonpass_bg_season39",
                "CanFlip": true
            },
            "Bg_season39_pro": {
                "Path": "BackGround\/seasonpass_bg_season39_pro",
                "CanFlip": true
            },
            "Bg_season40": {
                "Path": "BackGround\/seasonpass_bg_season40",
                "CanFlip": true
            },
            "Bg_season40_pro": {
                "Path": "BackGround\/seasonpass_bg_season40_pro",
                "CanFlip": true
            },
            "Bg_season41": {
                "Path": "BackGround\/seasonpass_bg_season41",
                "CanFlip": true
            },
            "Bg_season41_pro": {
                "Path": "BackGround\/seasonpass_bg_season41_pro",
                "CanFlip": true
            },
            "Bg_season42": {
                "Path": "BackGround\/seasonpass_bg_season42",
                "CanFlip": true
            },
            "Bg_season42_pro": {
                "Path": "BackGround\/seasonpass_bg_season42_pro",
                "CanFlip": true
            },
            "Bg_season43": {
                "Path": "BackGround\/seasonpass_bg_season43",
                "CanFlip": true
            },
            "Bg_season43_pro": {
                "Path": "BackGround\/seasonpass_bg_season43_pro",
                "CanFlip": true
            },
            "Bg_season44": {
                "Path": "BackGround\/seasonpass_bg_season44",
                "CanFlip": true
            },
            "Bg_season44_pro": {
                "Path": "BackGround\/seasonpass_bg_season44_pro",
                "CanFlip": true
            },
            "bg_Halloween_2025": {
                "Path": "BackGround\/bg_Halloween_2025",
                "CanFlip": true
            },
            "Bg_season45": {
                "Path": "BackGround\/seasonpass_bg_season45",
                "CanFlip": true
            },
            "Bg_season45_pro": {
                "Path": "BackGround\/seasonpass_bg_season45_pro",
                "CanFlip": true
            },
            "Bg_season46": {
                "Path": "BackGround\/seasonpass_bg_season46",
                "CanFlip": true
            },
            "Bg_season46_pro": {
                "Path": "BackGround\/seasonpass_bg_season46_pro",
                "CanFlip": true
            },
            "Bg_season47": {
                "Path": "BackGround\/seasonpass_bg_season47",
                "CanFlip": true
            },
            "Bg_season47_pro": {
                "Path": "BackGround\/seasonpass_bg_season47_pro",
                "CanFlip": true
            },
            "bg_Christmas_2025": {
                "Path": "BackGround\/bg_Christmas_2025",
                "CanFlip": true
            },
            "Bg_season48": {
                "Path": "BackGround\/seasonpass_bg_season48",
                "CanFlip": true
            },
            "Bg_season48_pro": {
                "Path": "BackGround\/seasonpass_bg_season48_pro",
                "CanFlip": true
            }
        }
    }
}
